name,email,password,role
Austin,aclowton0@amazon.com,pbkdf2:sha256:600000$B07HTrrJDXn0t9wE$d7927e4234bfc08b5531adfdab6e7d61de7b4fa749876f87cf4d1381f3a9eef0,admin
Rivi,rphysic1@home.pl,pbkdf2:sha256:600000$B07HTrrJDXn0t9wE$d7927e4234bfc08b5531adfdab6e7d61de7b4fa749876f87cf4d1381f3a9eef0,moderator
Maurizio,mhathorn2@intel.com,"pbkdf2:sha256:600000$B07HTrrJDXn0t9wE$d7927e4234bfc08b5531adfdab6e7d61de7b4fa749876f87cf4d1381f3a9eef0",wanner
Brien,bambrozewicz3@mail.ru,wS8`@}1z'#f'u@,admin
Kassandra,kbittany4@instagram.com,vW9/?7Q=`qi,moderator
Melicent,mway5@prweb.com,rE2#i_Wl,wanner
Doll,dtraill6@washingtonpost.com,aB6_?24h,admin
Victoria,vrylance7@opensource.org,zP2+n/de<7hvM9,moderator
Rheba,rarnaud8@people.com.cn,gZ3%<Vt_NF,wanner
Corine,cwindrus9@biblegateway.com,pN7=Yhzfn3F4,admin
